<?xml version="1.0" encoding="UTF-8"?>
<project-private xmlns="http://www.netbeans.org/ns/project-private/1">
    <editor-bookmarks xmlns="http://www.netbeans.org/ns/editor-bookmarks/2" lastBookmarkId="0"/>
    <open-files xmlns="http://www.netbeans.org/ns/projectui-open-files/2">
        <group>
            <file>file:/D:/CSC-251/M1HW_DavidMcCarthyPart2/M1HW_DavidMcCarthy/src/m1hw_davidmccarthy/MainMenuUI.java</file>
            <file>file:/D:/CSC-251/M1HW_DavidMcCarthyPart2/M1HW_DavidMcCarthy/src/m1hw_davidmccarthy/M1HW_DavidMcCarthy.java</file>
            <file>file:/D:/CSC-251/M1HW_DavidMcCarthyPart2/M1HW_DavidMcCarthy/src/m1hw_davidmccarthy/Calculations.java</file>
            <file>file:/D:/CSC-251/M1HW_DavidMcCarthyPart2/M1HW_DavidMcCarthy/src/m1hw_davidmccarthy/SecondaryMenuUI.java</file>
        </group>
    </open-files>
</project-private>
